{"cameraMode":{"drawMode":0,"name":"Shaded","section":"Shading Mode"},"sceneLighting":true,"audioPlay":false,"sceneViewState":{"m_AlwaysRefresh":false,"showFog":true,"showSkybox":true,"showFlares":true,"showImageEffects":true,"showParticleSystems":true,"showVisualEffectGraphs":true,"m_FxEnabled":true},"in2DMode":false,"pivot":{"x":8.543375968933106,"y":-0.11425766348838806,"z":12.062579154968262},"rotation":{"x":-0.2028549462556839,"y":-0.018508275970816613,"z":0.003834945149719715,"w":-0.9790263175964356},"size":14.314786911010743,"orthographic":false}