{"cameraMode":{"drawMode":0,"name":"Shaded","section":"Shading Mode"},"sceneLighting":true,"audioPlay":false,"sceneViewState":{"m_AlwaysRefresh":false,"showFog":true,"showSkybox":true,"showFlares":true,"showImageEffects":true,"showParticleSystems":true,"showVisualEffectGraphs":true,"m_FxEnabled":true},"in2DMode":false,"pivot":{"x":-1.8526561260223389,"y":-8.167020797729493,"z":9.498274803161621},"rotation":{"x":0.3382546305656433,"y":0.035274259746074679,"z":-0.012693776749074459,"w":0.9403247833251953},"size":11.672657012939454,"orthographic":false}